model,sim_blur,sim_noise_0.5,random
normmag_depthfrozen,0.9954593777656555,0.8911181688308716,0.4593929052352905
normmag_nodepth,0.9959296584129333,0.8846501708030701,0.4656277596950531
normmag_local_depthfrozen,0.9951010346412659,0.8580362200737,0.45424968004226685
normmag_local_nodepth,0.9952539205551147,0.8930612802505493,0.45367711782455444
